{"cameraMode":{"drawMode":0,"name":"Shaded","section":"Shading Mode"},"sceneLighting":false,"audioPlay":false,"sceneViewState":{"showFog":true,"showMaterialUpdate":false,"showSkybox":false,"showFlares":true,"showImageEffects":true,"showParticleSystems":true},"in2DMode":false,"pivot":{"x":-1.7257781028747559,"y":15.8135404586792,"z":-10.993216514587403},"rotation":{"x":-0.3836498260498047,"y":-0.026039453223347665,"z":0.010822812095284462,"w":-0.9230480790138245},"size":32.22718811035156,"orthographic":false}