{"cameraMode":{"drawMode":0,"name":"Shaded","section":"Shading Mode"},"sceneLighting":false,"audioPlay":false,"sceneViewState":{"showFog":true,"showMaterialUpdate":false,"showSkybox":false,"showFlares":true,"showImageEffects":true,"showParticleSystems":true},"in2DMode":false,"pivot":{"x":10.0,"y":1.834841251373291,"z":11.59167766571045},"rotation":{"x":0.0010606597643345595,"y":0.7071060538291931,"z":-0.001060659997165203,"w":0.7071060538291931},"size":9.12449836730957,"orthographic":true}