{"cameraMode":{"drawMode":0,"name":"Shaded","section":"Shading Mode"},"sceneLighting":true,"audioPlay":false,"sceneViewState":{"showFog":true,"showMaterialUpdate":true,"showSkybox":true,"showFlares":true,"showImageEffects":true,"showParticleSystems":true},"in2DMode":false,"pivot":{"x":2.384185791015625e-7,"y":-0.5199999809265137,"z":1.1920928955078126e-7},"rotation":{"x":-0.013984044082462788,"y":0.4068881571292877,"z":-0.006228902377188206,"w":-0.9133497476577759},"size":4.626127243041992,"orthographic":true}